tabela,modulos,classe,confianca,nota,extra,remover_policies,anon
_backup_usuario_modulos_old,,fechada,alta,tabela de backup legada: sem policy = negada a todos,,,
acesso_processo_sigiloso,admin,admin,media,processo sigiloso: só o papel admin (is_admin_user); REVISAR regra de sigilo,,,
acoes,programas,modulo,alta,,,,
adicionais_tempo_servico,,preservar,alta,"policies por módulo já existentes (can_access_module(uuid,text)); mantidas (form_field_config tem leitura anon)",,,
aditivos_contrato,,preservar,alta,"policies por módulo já existentes (can_access_module(uuid,text)); mantidas (form_field_config tem leitura anon)",,,
agenda_unidade,,preservar,alta,"policies por módulo já existentes (can_access_module(uuid,text)); mantidas (form_field_config tem leitura anon)",,,
agrupamento_unidade_vinculo,rh,modulo,alta,,,,
almoxarifados,,preservar,alta,"policies por módulo já existentes (can_access_module(uuid,text)); mantidas (form_field_config tem leitura anon)",,,
approval_delegations,workflow,modulo,alta,,,,
approval_requests,workflow,modulo,alta,,,,
atas_registro_preco,,preservar,alta,"policies por módulo já existentes (can_access_module(uuid,text)); mantidas (form_field_config tem leitura anon)",,,
audit_log_licitacoes,compras|contratos,modulo,alta,,,,
audit_logs,admin,preservar,alta,admin-only já existente; mantido,,,
avaliacoes_controle,governanca,modulo,alta,,,,
avaliacoes_risco,governanca,modulo,alta,,,,
backup_config,admin,preservar,alta,admin-only já existente; mantido,,,
backup_history,admin,preservar,alta,admin-only já existente; mantido,,,
backup_integrity_checks,admin,preservar,alta,admin-only já existente; mantido,,,
baixas_patrimonio,,preservar,alta,"policies por módulo já existentes (can_access_module(uuid,text)); mantidas (form_field_config tem leitura anon)",,,
banco_horas,rh,proprio_leitura,alta,RH vê tudo; o servidor lê apenas os próprios (servidor_id = meu_servidor_id()),,,
bancos_cnab,rh,modulo,alta,,,,
bens_patrimoniais,,preservar,alta,"policies por módulo já existentes (can_access_module(uuid,text)); mantidas (form_field_config tem leitura anon)",,,
cadastro_arbitros,arbitros,modulo,alta,INSERT anônimo (formulário) mantido; gestão passa a exigir o módulo arbitros (antes: qualquer logado),,authenticated_read_arbitros|authenticated_update_arbitros|authenticated_delete_arbitros,insert
cadastro_arbitros_modalidades,arbitros,modulo,alta,INSERT anônimo mantido; gestão por módulo arbitros,,arbitros_modalidades_select_authenticated|Admin pode deletar modalidades|Admin pode atualizar modalidades,insert
calendario_federacao,federacoes,modulo,alta,,,,
campanhas_inventario,patrimonio|patrimonio_mobile,modulo,alta,,,,
cargo_unidade_compatibilidade,rh,modulo,alta,,,,
cargos,,preservar,alta,"policies por módulo já existentes (can_access_module(uuid,text)); mantidas (form_field_config tem leitura anon)",,,
categorias_material,patrimonio|patrimonio_mobile,modulo,alta,,,,
categorias_noticias_eventos,comunicacao,modulo,alta,o portal público lê conteúdo publicado (cms_conteudos/cms_banners/cms_categorias): acesso anônimo fica FECHADO neste baseline; REVISAR,,,
centros_custo,financeiro,modulo,alta,,,,
cessoes,rh,modulo,alta,,,,
checklists_conformidade,governanca,modulo,alta,,,,
cms_banners,comunicacao,modulo,alta,o portal público lê conteúdo publicado (cms_conteudos/cms_banners/cms_categorias): acesso anônimo fica FECHADO neste baseline; REVISAR,,,
cms_categorias,comunicacao,modulo,alta,o portal público lê conteúdo publicado (cms_conteudos/cms_banners/cms_categorias): acesso anônimo fica FECHADO neste baseline; REVISAR,,,
cms_conteudos,comunicacao,modulo,alta,o portal público lê conteúdo publicado (cms_conteudos/cms_banners/cms_categorias): acesso anônimo fica FECHADO neste baseline; REVISAR,,,
cms_galeria_fotos,comunicacao,modulo,alta,o portal público lê conteúdo publicado (cms_conteudos/cms_banners/cms_categorias): acesso anônimo fica FECHADO neste baseline; REVISAR,,,
cms_galerias,comunicacao,modulo,alta,o portal público lê conteúdo publicado (cms_conteudos/cms_banners/cms_categorias): acesso anônimo fica FECHADO neste baseline; REVISAR,,,
cms_media,comunicacao,modulo,alta,o portal público lê conteúdo publicado (cms_conteudos/cms_banners/cms_categorias): acesso anônimo fica FECHADO neste baseline; REVISAR,,,
coletas_inventario,patrimonio|patrimonio_mobile,modulo,alta,,,,
composicao_cargos,rh,modulo,alta,,,,
conciliacoes_inventario,patrimonio|patrimonio_mobile,modulo,alta,,,,
config_agrupamento_unidades,rh,modulo,alta,,,,
config_assinatura_frequencia,admin,admin,alta,configuração do sistema; leitura por RPC onde o portal precisa (obter_dado_oficial),,,
config_assinatura_reuniao,gabinete,modulo,alta,,,,
config_autarquia,admin,admin,alta,configuração do sistema; leitura por RPC onde o portal precisa (obter_dado_oficial),,,
config_compensacao,rh,modulo,alta,,,,
config_fechamento_folha,rh,modulo,alta,,,,
config_fechamento_frequencia,rh,modulo,alta,,,,
config_incidencias,rh,modulo,alta,,,,
config_institucional,admin,admin,alta,configuração do sistema; leitura por RPC onde o portal precisa (obter_dado_oficial),,,
config_jornada_padrao,rh,modulo,alta,,,,
config_menu_publico,,preservar,media,leitura pública + escrita admin já existentes; só as acesso_total saem,,,select
config_motivos_desligamento,rh,modulo,alta,,,,
config_paginas_historico,admin,admin,alta,configuração do sistema; leitura por RPC onde o portal precisa (obter_dado_oficial),,,
config_paginas_publicas,,preservar,media,leitura pública + escrita admin já existentes; só as acesso_total saem,,,select
config_parametros_meta,admin,admin,alta,configuração do sistema; leitura por RPC onde o portal precisa (obter_dado_oficial),,,
config_parametros_valores,admin,admin,alta,configuração do sistema; leitura por RPC onde o portal precisa (obter_dado_oficial),,,
config_regras_calculo,rh,modulo,alta,,,,
config_rubricas,rh,modulo,alta,,,,
config_situacoes_funcionais,rh,modulo,alta,,,,
config_tipos_ato,rh,modulo,alta,,,,
config_tipos_onus,rh,modulo,alta,,,,
config_tipos_rubrica,rh,modulo,alta,,,,
config_tipos_servidor,rh,modulo,alta,,,,
configuracao_jornada,rh,modulo,alta,,,,
consignacoes,rh,modulo,alta,,,,
contas_autarquia,financeiro,modulo,alta,,,,
contatos_eventos_esportivos,comunicacao,modulo,alta,o portal público lê conteúdo publicado (cms_conteudos/cms_banners/cms_categorias): acesso anônimo fica FECHADO neste baseline; REVISAR,,,
conteudo_rascunho,comunicacao,modulo,alta,o portal público lê conteúdo publicado (cms_conteudos/cms_banners/cms_categorias): acesso anônimo fica FECHADO neste baseline; REVISAR,,,
contratos,,preservar,alta,"policies por módulo já existentes (can_access_module(uuid,text)); mantidas (form_field_config tem leitura anon)",,,
controles_internos,governanca,modulo,alta,,,,
creditos_adicionais,financeiro,modulo,alta,,,,
dados_oficiais,admin,admin,alta,configuração do sistema; leitura por RPC onde o portal precisa (obter_dado_oficial),,,
debitos_tecnicos,admin,admin,alta,configuração do sistema; leitura por RPC onde o portal precisa (obter_dado_oficial),,,
decisoes_administrativas,workflow,modulo,alta,,,,
demandas_ascom,comunicacao,modulo,alta,o portal público lê conteúdo publicado (cms_conteudos/cms_banners/cms_categorias): acesso anônimo fica FECHADO neste baseline; REVISAR,,,
demandas_ascom_anexos,comunicacao,modulo,alta,o portal público lê conteúdo publicado (cms_conteudos/cms_banners/cms_categorias): acesso anônimo fica FECHADO neste baseline; REVISAR,,,
demandas_ascom_comentarios,comunicacao,modulo,alta,o portal público lê conteúdo publicado (cms_conteudos/cms_banners/cms_categorias): acesso anônimo fica FECHADO neste baseline; REVISAR,,,
demandas_ascom_entregaveis,comunicacao,modulo,alta,o portal público lê conteúdo publicado (cms_conteudos/cms_banners/cms_categorias): acesso anônimo fica FECHADO neste baseline; REVISAR,,,
denuncias,integridade,preservar,alta,has_permission_code; mantido,,,
dependentes_irrf,rh,modulo,alta,,,,
designacoes,rh,proprio_leitura,alta,RH vê tudo; o servidor lê apenas os próprios (servidor_id = meu_servidor_id()),,,
despachos,workflow,modulo,alta,,,,
dias_nao_uteis,rh,catalogo,media,lookup lido por qualquer usuário ativo (cálculo de prazos/escalas); escrita por RH,,,
documentos,workflow|rh,modulo,baixa,atos/portarias (GestaoDocumentosPage). REVISAR módulo dono,,,
documentos_cedencia,patrimonio,modulo,media,cessão de espaços/bens (não de servidor),,,
documentos_preparatorios_licitacao,compras|contratos,modulo,alta,,,,
documentos_processo,workflow,modulo,alta,,,,
documentos_requerimento_servidor,rh,proprio,alta,RH vê tudo; o servidor lê e cria os próprios pedidos,,,
dotacoes_orcamentarias,,preservar,alta,"policies por módulo já existentes (can_access_module(uuid,text)); mantidas (form_field_config tem leitura anon)",,,
empenhos,,preservar,alta,"policies por módulo já existentes (can_access_module(uuid,text)); mantidas (form_field_config tem leitura anon)",,,
encaminhamentos,workflow,modulo,alta,,,,
escolas_jer,gestores_escolares,modulo,media,leitura pública das escolas mantida (formulário); gestão por módulo gestores_escolares,,,select
estoque,patrimonio|patrimonio_mobile,modulo,alta,,,,
estrutura_organizacional,organizacoes,catalogo,media,organograma lido por todos os usuários ativos (nomes de unidade); escrita por organizacoes,,,
eventos_esocial,rh,modulo,alta,,,,
evidencias_controle,governanca,modulo,alta,,,,
exportacoes_folha,rh,modulo,alta,,,,
federacao_arbitros,federacoes,modulo,alta,,,,
federacao_espacos_cedidos,federacoes,modulo,alta,,,,
federacao_parcerias,federacoes,modulo,alta,,,,
federacoes_esportivas,federacoes,modulo,media,INSERT anônimo (cadastro público) mantido; gestão por módulo federacoes,,,insert
feriados,rh,catalogo,media,lookup lido por qualquer usuário ativo (cálculo de prazos/escalas); escrita por RH,,,
ferias_servidor,rh,proprio_leitura,alta,RH vê tudo; o servidor lê apenas os próprios (servidor_id = meu_servidor_id()),,,
fichas_financeiras,rh,proprio_leitura,alta,RH vê tudo; o servidor lê apenas os próprios (servidor_id = meu_servidor_id()),,,
fin_acoes_orcamentarias,financeiro,modulo,alta,,,,
fin_adiantamento_itens,financeiro,modulo,alta,,,,
fin_adiantamentos,financeiro,modulo,alta,,,,
fin_alteracoes_orcamentarias,financeiro,modulo,alta,,,,
fin_audit_log,financeiro,modulo,alta,,,,
fin_checklist_ci,financeiro,modulo,alta,,,,
fin_contas_bancarias,financeiro,modulo,alta,,,,
fin_documentos,financeiro,modulo,alta,,,,
fin_dotacoes,financeiro,modulo,alta,,,,
fin_empenho_anulacoes,financeiro,modulo,alta,,,,
fin_empenhos,financeiro,modulo,alta,,,,
fin_extrato_transacoes,financeiro,modulo,alta,,,,
fin_extratos_bancarios,financeiro,modulo,alta,,,,
fin_fechamentos,financeiro,modulo,alta,,,,
fin_fontes_recurso,financeiro,modulo,alta,,,,
fin_lancamentos_contabeis,financeiro,modulo,alta,,,,
fin_liquidacoes,financeiro,modulo,alta,,,,
fin_naturezas_despesa,financeiro,modulo,alta,,,,
fin_pagamentos,financeiro,modulo,alta,,,,
fin_parametros,financeiro,modulo,alta,,,,
fin_plano_contas,financeiro,modulo,alta,,,,
fin_programas_orcamentarios,financeiro,modulo,alta,,,,
fin_receitas,financeiro,modulo,alta,,,,
fin_restos_pagar,financeiro,modulo,alta,,,,
fin_solicitacao_itens,financeiro,modulo,alta,,,,
fin_solicitacoes,financeiro,modulo,alta,,,,
fin_sub_empenhos,financeiro,modulo,alta,,,,
folha_historico_status,rh,modulo,alta,,,,
folhas_pagamento,rh,modulo,alta,,,,
form_field_config,admin,preservar,alta,leitura anônima da configuração de campos (formulários públicos) e escrita pelo módulo admin; mantido,,,select
fornecedores,,preservar,alta,"policies por módulo já existentes (can_access_module(uuid,text)); mantidas (form_field_config tem leitura anon)",,,
frequencia_arquivos,rh,modulo,alta,,,,
frequencia_fechamento,rh,proprio_leitura,alta,RH vê tudo; o servidor lê apenas os próprios (servidor_id = meu_servidor_id()),,,
frequencia_mensal,rh,proprio_leitura,alta,RH vê tudo; o servidor lê apenas os próprios (servidor_id = meu_servidor_id()),,,
frequencia_pacotes,rh,modulo,alta,,,,
galeria_eventos_esportivos,comunicacao,modulo,alta,o portal público lê conteúdo publicado (cms_conteudos/cms_banners/cms_categorias): acesso anônimo fica FECHADO neste baseline; REVISAR,,,
gestores_escolares,gestores_escolares,modulo,alta,INSERT público (formulário) mantido. Saem: leitura anônima de CPF/e-mail e UPDATE/DELETE por qualquer logado,,leitura_publica_gestores|admin_delete_gestores|admin_update_gestores,insert
gestores_escolares_historico,gestores_escolares,modulo,media,tinha usuario_tem_permissao (quebrada); passa a módulo,,,
historico_conteudo_oficial,comunicacao,modulo,alta,o portal público lê conteúdo publicado (cms_conteudos/cms_banners/cms_categorias): acesso anônimo fica FECHADO neste baseline; REVISAR,,,
historico_convites_reuniao,gabinete,modulo,alta,,,,
historico_funcional,rh,proprio_leitura,alta,RH vê tudo; o servidor lê apenas os próprios (servidor_id = meu_servidor_id()),,,
historico_lai,transparencia,modulo,alta,,,,
historico_patrimonio,patrimonio|patrimonio_mobile,modulo,alta,,,,
horarios_jornada,rh,catalogo,media,lookup lido por qualquer usuário ativo (cálculo de prazos/escalas); escrita por RH,,,
instituicoes,organizacoes,modulo,media,cadastro de instituições,,,
itens_ata_registro_preco,compras|contratos,modulo,alta,,,,
itens_checklist,governanca,modulo,alta,,,,
itens_contrato,compras|contratos,modulo,alta,,,,
itens_ficha_financeira,rh,proprio_filho,alta,itens do contracheque; servidor lê os da própria ficha,pai=fichas_financeiras.ficha_id,,
itens_licitacao,,preservar,alta,"policies por módulo já existentes (can_access_module(uuid,text)); mantidas (form_field_config tem leitura anon)",,,
itens_material,,preservar,alta,"policies por módulo já existentes (can_access_module(uuid,text)); mantidas (form_field_config tem leitura anon)",,,
itens_processo_licitatorio,compras|contratos,modulo,alta,,,,
itens_retorno_bancario,rh,modulo,alta,,,,
justificativas_ponto,rh,proprio_filho,alta,justificativa do próprio ponto; servidor lê e cria,pai=registros_ponto.registro_ponto_id;insere,,
lancamentos_banco_horas,rh,proprio_filho,alta,lançamentos do banco de horas; servidor lê os do próprio banco,pai=banco_horas.banco_horas_id,,
lancamentos_folha,rh,modulo,alta,,,,
licencas_afastamentos,rh,proprio_leitura,alta,RH vê tudo; o servidor lê apenas os próprios (servidor_id = meu_servidor_id()),,,
links_uteis,,preservar,media,leitura pública + escrita admin já existentes; só as acesso_total saem,,,select
liquidacoes,financeiro,modulo,alta,,,,
lotacoes,,preservar,alta,"policies por módulo já existentes (can_access_module(uuid,text)); mantidas (form_field_config tem leitura anon)",,,
manutencoes_patrimonio,patrimonio|patrimonio_mobile,modulo,alta,,,,
matriz_raci_atribuicoes,governanca,modulo,alta,,,,
matriz_raci_papeis,governanca,modulo,alta,,,,
matriz_raci_processos,governanca,modulo,alta,,,,
medicoes_contrato,,preservar,alta,"policies por módulo já existentes (can_access_module(uuid,text)); mantidas (form_field_config tem leitura anon)",,,
memorandos_lotacao,rh,modulo,alta,,,,
modelos_mensagem_reuniao,gabinete,modulo,alta,,,,
module_access_scopes,admin,admin,alta,configuração do sistema; leitura por RPC onde o portal precisa (obter_dado_oficial),,,
module_permissions_catalog,admin,admin,alta,configuração do sistema; leitura por RPC onde o portal precisa (obter_dado_oficial),,,
module_settings,admin,admin,alta,configuração do sistema; leitura por RPC onde o portal precisa (obter_dado_oficial),,,
movimentacoes_bem,patrimonio|patrimonio_mobile,modulo,alta,,,,
movimentacoes_estoque,patrimonio|patrimonio_mobile,modulo,alta,,,,
movimentacoes_patrimonio,,preservar,alta,"policies por módulo já existentes (can_access_module(uuid,text)); mantidas (form_field_config tem leitura anon)",,,
movimentacoes_processo,workflow,modulo,alta,,,,
nomeacoes_chefe_unidade,rh,modulo,alta,,,,
noticias_eventos_esportivos,comunicacao,modulo,alta,o portal público lê conteúdo publicado (cms_conteudos/cms_banners/cms_categorias): acesso anônimo fica FECHADO neste baseline; REVISAR,,,
ocorrencias_patrimonio,patrimonio|patrimonio_mobile,modulo,alta,,,,
ocorrencias_servidor,rh,proprio_leitura,alta,RH vê tudo; o servidor lê apenas os próprios (servidor_id = meu_servidor_id()),,,
pagamentos,,preservar,alta,"policies por módulo já existentes (can_access_module(uuid,text)); mantidas (form_field_config tem leitura anon)",,,
parametros_folha,rh,modulo,alta,,,,
pareceres_tecnicos,compras|contratos,modulo,alta,,,,
participantes_reuniao,gabinete,modulo,alta,,,,
patrimonio_unidade,patrimonio|patrimonio_mobile,modulo,alta,,,,
pensoes_alimenticias,rh,modulo,alta,,,,
planos_tratamento_risco,governanca,modulo,alta,,,,
portal_diretoria,comunicacao,modulo,alta,o portal público lê conteúdo publicado (cms_conteudos/cms_banners/cms_categorias): acesso anônimo fica FECHADO neste baseline; REVISAR,,,
portarias_servidor,rh,proprio_leitura,alta,RH vê tudo; o servidor lê apenas os próprios (servidor_id = meu_servidor_id()),,,
prazos_lai,transparencia,modulo,alta,,,,
prazos_processo,workflow,modulo,alta,,,,
pre_cadastros,rh,modulo,alta,,,,
processos_administrativos,workflow,modulo,alta,,,,
processos_licitatorios,,preservar,alta,"policies por módulo já existentes (can_access_module(uuid,text)); mantidas (form_field_config tem leitura anon)",,,
profiles,,preservar,alta,policies próprias de identidade/RBAC; só as acesso_total saem,,,
programas,programas,modulo,alta,,,,
propostas_licitacao,compras|contratos,modulo,alta,,,,
provimentos,rh,modulo,alta,,,,
publicacoes_lai,transparencia,modulo,media,leitura anônima de publicado=true mantida; gestão por módulo transparencia,,,select
publicacoes_legais,transparencia,modulo,alta,,,,
recursos_lai,transparencia,modulo,alta,,,,
regimes_trabalho,rh,modulo,alta,,,,
registros_ponto,rh,proprio_leitura,alta,RH vê tudo; o servidor lê apenas os próprios (servidor_id = meu_servidor_id()),,,
remessas_bancarias,rh,modulo,alta,,,,
requisicao_itens,patrimonio|patrimonio_mobile,modulo,alta,,,,
requisicoes_material,patrimonio|patrimonio_mobile,modulo,alta,,,,
respostas_checklist,governanca,modulo,alta,,,,
retornos_bancarios,rh,modulo,alta,,,,
reunioes,gabinete,modulo,alta,,,,
riscos_institucionais,governanca,modulo,alta,,,,
role_permissions,admin,preservar,alta,admin-only já existente; mantido,,,
rubricas,rh,modulo,alta,,,,
rubricas_historico,rh,modulo,alta,,,,
servidor_regime,rh,modulo,alta,,,,
servidor_tag_vinculos,rh,modulo,alta,,,,
servidor_tags,rh,modulo,alta,,,,
servidores,,preservar,alta,"policies por módulo já existentes (can_access_module(uuid,text)); mantidas (form_field_config tem leitura anon)",,,
solicitacoes_abono,rh,proprio,alta,RH vê tudo; o servidor lê e cria os próprios pedidos,,,
solicitacoes_ajuste_ponto,rh,proprio,alta,RH vê tudo; o servidor lê e cria os próprios pedidos,,,
solicitacoes_sic,transparencia,modulo,alta,,,,
tabela_inss,rh,modulo,alta,,,,
tabela_irrf,rh,modulo,alta,,,,
termos_cessao,patrimonio,modulo,media,cessão de espaços/bens (não de servidor),,,
tipos_abono,rh,catalogo,media,lookup lido por qualquer usuário ativo (cálculo de prazos/escalas); escrita por RH,,,
unidades_locais,,preservar,alta,"policies por módulo já existentes (can_access_module(uuid,text)); mantidas (form_field_config tem leitura anon)",,,
user_modules,,preservar,alta,policies próprias de identidade/RBAC; só as acesso_total saem,,,
user_org_units,admin,admin,alta,configuração do sistema; leitura por RPC onde o portal precisa (obter_dado_oficial),,,
user_permissions,admin,preservar,alta,admin-only já existente; mantido,,,
user_roles,,preservar,alta,policies próprias de identidade/RBAC; só as acesso_total saem,,,
viagens_diarias,rh|financeiro,modulo,baixa,diárias: pedido do servidor (rh) e pagamento (financeiro). REVISAR se deve ser proprio,,,
vinculos_funcionais,rh,proprio_leitura,alta,RH vê tudo; o servidor lê apenas os próprios (servidor_id = meu_servidor_id()),,,
vinculos_servidor,,preservar,alta,"policies por módulo já existentes (can_access_module(uuid,text)); mantidas (form_field_config tem leitura anon)",,,
